epoch,train_loss,val_loss,seconds
0,0.25932061672210693,0.215073823928833,63.20354676246643
1,0.21051126718521118,0.2102210968732834,127.06524085998535
2,0.20517809689044952,0.20001623034477234,196.7944357395172
3,0.20369376242160797,0.20147348940372467,260.93323493003845
4,0.2024022489786148,0.20417505502700806,324.1070520877838
5,0.20166122913360596,0.19980737566947937,388.7254841327667
6,0.20031951367855072,0.19879309833049774,451.0265998840332
7,0.20018233358860016,0.19950629770755768,513.2519958019257
8,0.19909542798995972,0.1976284682750702,576.2308638095856
9,0.19842146337032318,0.19779062271118164,639.8108909130096
10,0.19771134853363037,0.19693398475646973,702.718080997467
11,0.19781510531902313,0.19920223951339722,765.5432908535004
12,0.19779589772224426,0.19234111905097961,828.4872016906738
13,0.19729939103126526,0.19548115134239197,891.5572397708893
14,0.19692333042621613,0.19467517733573914,954.5203227996826
15,0.19650502502918243,0.19178396463394165,1017.1966438293457
16,0.19616849720478058,0.1960427314043045,1079.7632038593292
17,0.19643886387348175,0.1925865262746811,1142.596557855606
18,0.19548918306827545,0.1962563544511795,1205.5738508701324
19,0.19506224989891052,0.1937774121761322,1268.555546760559
20,0.19483624398708344,0.19498316943645477,1331.3352887630463
21,0.1952846199274063,0.1961791217327118,1393.8972370624542
22,0.1951495110988617,0.19402985274791718,1456.18709897995
23,0.19413350522518158,0.19470073282718658,1518.337870836258
24,0.1944107562303543,0.19324126839637756,1581.0294699668884
25,0.19416478276252747,0.19394497573375702,1643.7504949569702
26,0.19343386590480804,0.1941094845533371,1706.306872844696
27,0.19376152753829956,0.19261141121387482,1768.9434008598328
28,0.1933939903974533,0.19424083828926086,1830.8460810184479
29,0.1930694580078125,0.19134575128555298,1894.248244047165
30,0.1926082819700241,0.19225060939788818,1964.0944149494171
31,0.1927180141210556,0.19505298137664795,2036.1006920337677
32,0.19237633049488068,0.19048035144805908,2099.9271428585052
33,0.19275158643722534,0.19079340994358063,2163.880219936371
34,0.19264794886112213,0.19266538321971893,2227.0801479816437
35,0.19192376732826233,0.19147907197475433,2290.212964773178
36,0.19151648879051208,0.1935633271932602,2353.357663869858
37,0.191818967461586,0.1911008507013321,2417.017986059189
38,0.19169004261493683,0.19099387526512146,2479.6571128368378
39,0.19163662195205688,0.1906319558620453,2542.422996044159
40,0.19130320847034454,0.19219271838665009,2605.8023488521576
41,0.1907719522714615,0.1888161599636078,2669.2659409046173
42,0.19083543121814728,0.1893371194601059,2733.037948846817
43,0.19094443321228027,0.18949535489082336,2797.8980219364166
44,0.1907283216714859,0.19048483669757843,2861.3624267578125
45,0.19076170027256012,0.18748776614665985,2924.766625881195
46,0.1907476931810379,0.1885720044374466,2988.8826529979706
47,0.19081638753414154,0.18803812563419342,3052.255091905594
48,0.1903058886528015,0.18890756368637085,3115.1138648986816
49,0.1904064267873764,0.18780122697353363,3178.342612028122
