epoch,step,train_loss,val_nll,lr,seconds
0,1000,2.562516642808914,1.2121394872665405,0.000999013364214138,19.823503255844116
1,2000,1.049260307908058,0.7981786131858826,0.0009960573506572381,39.86372709274292
2,3000,0.8305762138366699,0.7508707642555237,0.0009911436253643446,60.023646116256714
3,4000,0.7006802211999894,0.42467427253723145,0.000984291580564314,80.05738615989685
4,5000,0.5880455057621001,0.45950019359588623,0.0009755282581475728,100.03834915161133
5,6000,0.49104793465137475,0.3484135866165161,0.0009648882429441208,121.06345820426941
6,7000,0.42374706077575675,0.40302574634552,0.0009524135262330063,143.66921710968018
7,8000,0.40389744508266445,0.357114315032959,0.0009381533400219299,165.90432214736938
8,9000,0.34797899913787833,0.3264774680137634,0.0009221639627510039,187.7220230102539
9,10000,0.3042933917045594,0.32569003105163574,0.0009045084971874664,209.7391722202301
10,11000,0.27573329782485967,0.2880222797393799,0.0008852566213878861,231.9372160434723
11,12000,0.22045393460988993,0.20772826671600342,0.0008644843137106976,253.55408000946045
12,13000,0.1907873505949973,0.1605069637298584,0.0008422735529643355,275.3173818588257
13,14000,0.15207151365280147,0.2429870367050171,0.0008187119948743365,297.85416412353516
14,15000,0.10750876837968826,0.028986752033233643,0.000793892626146227,319.8534369468689
15,16000,0.08506583648920052,-0.030795753002166748,0.0007679133974894895,346.6713411808014
16,17000,0.035018995881080706,-0.0030393600463867188,0.000740876837050847,381.2689971923828
17,18000,0.008637092351913456,0.032281577587127686,0.000712889645782527,415.54149889945984
18,19000,0.0014190937876701337,-0.12826237082481384,0.0006840622763423305,443.2000949382782
19,20000,-0.032475167751312206,0.05863535404205322,0.0006545084971874649,469.8869261741638
20,21000,-0.09116503906249995,-0.008549392223358154,0.0006243449435824199,491.76157212257385
21,22000,-0.11156579357385632,-0.16102910041809082,0.000593690657292855,513.8162879943848
22,23000,-0.14185033702850347,-0.19991818070411682,0.0005626666167821468,540.199588060379
23,24000,-0.17203501200675964,-0.15498486161231995,0.0005313952597646517,569.3444879055023
24,25000,-0.1887726570963859,-0.1265399158000946,0.0004999999999999959,598.7004990577698
25,26000,-0.23416795921325684,-0.20488256216049194,0.0004686047402353403,627.2286620140076
26,27000,-0.25572518652677534,-0.2630009651184082,0.0004373333832178449,656.5385251045227
27,28000,-0.2792034088969231,-0.18646863102912903,0.00040630934270713425,684.0121731758118
28,29000,-0.2907048807740211,-0.1861570179462433,0.00037565505641756823,711.1515700817108
29,30000,-0.3441905410289764,-0.2989453375339508,0.00034549150281252227,738.9197189807892
30,31000,-0.37046610820293424,-0.31997814774513245,0.00031593772365765796,766.3564970493317
31,32000,-0.406829655110836,-0.5158795118331909,0.00028711035421746133,793.657555103302
32,33000,-0.42203804063797,-0.45900967717170715,0.00025912316294913925,820.696515083313
33,34000,-0.45942279416322707,-0.5086781978607178,0.00023208660251049888,847.9507200717926
34,35000,-0.4841552096307278,-0.5098867118358612,0.00020610737385376148,875.3155961036682
35,36000,-0.5041695719063282,-0.5551348775625229,0.00018128800512565344,902.630047082901
36,37000,-0.5319288917183876,-0.5072566866874695,0.00015772644703565406,930.049674987793
37,38000,-0.5523670903146267,-0.5082668960094452,0.00013551568628929295,957.2626938819885
38,39000,-0.5713101026713848,-0.5942586362361908,0.00011474337861210427,984.5459201335907
39,40000,-0.591943673312664,-0.5791240483522415,9.549150281252555e-05,1012.3465020656586
40,41000,-0.6106758097112179,-0.6100921779870987,7.783603724899213e-05,1039.7379579544067
41,42000,-0.6254508512914181,-0.6367918252944946,6.184665997806795e-05,1067.0137181282043
42,43000,-0.6368907413780689,-0.6355953365564346,4.7586473766990186e-05,1094.4002239704132
43,44000,-0.6497531886100769,-0.6587904691696167,3.511175705587433e-05,1121.5646941661835
44,45000,-0.6609669001251459,-0.6596475541591644,2.4471741852423326e-05,1148.8828361034393
45,46000,-0.6701180879175663,-0.6641786694526672,1.570841943568451e-05,1176.1718809604645
46,47000,-0.6775860648602248,-0.6747790575027466,8.85637463565568e-06,1203.4449560642242
47,48000,-0.6838637710958719,-0.6761742830276489,3.9426493427611334e-06,1230.9826419353485
48,49000,-0.6880887369662523,-0.6792915314435959,9.86635785864227e-07,1258.2774081230164
49,50000,-0.6904040199071169,-0.681077629327774,0.0,1285.620185136795
