epoch,step,train_loss,train_recon,train_y,train_z,val_recon,val_y,val_z,val_resim,val_resim_failed,lr,seconds
0,1000,1.01921069316566,0.3009183452501893,0.07429245608113706,0.006439998939633369,0.07124234773218632,0.011080133076757193,-2.7938187122344972e-05,0.011886849295434902,0.0,0.000975528258147579,41.941548109054565
1,2000,0.08923238352686166,0.06498639418743551,0.012597617481369526,0.00011648371815681458,0.038384128361940384,0.01083391853608191,-0.00021338462829589844,0.007221966111757354,0.0,0.0009045084971874737,83.67530393600464
2,3000,0.06037913627177477,0.05034500497579575,0.010256441745907069,-2.223104238510132e-06,0.046870553866028786,0.00817038444802165,0.00011493265628814697,0.0072961336275871634,0.0,0.0007938926261462358,124.02759003639221
3,4000,0.03776189479790628,0.03772594754584133,0.0074777213260531425,-7.441774010658264e-05,0.025961658731102944,0.006766794319264591,-0.0002236694097518921,0.007019056568583647,0.0,0.000654508497187476,165.21766114234924
4,5000,0.022566711731255053,0.028141112621873618,0.006033576842630282,-0.00011607977747917175,0.02251646192744374,0.005048514110967517,-0.00031075328588485717,0.006556098208602522,0.0,0.0005000000000000025,205.55709099769592
5,6000,0.010164411214180291,0.020936833730898798,0.004929696990642696,-0.00015702119469642638,0.015103729162365197,0.003806107130367309,-0.0003017976880073547,0.005971909801742578,0.0,0.00034549150281252747,246.59928512573242
6,7000,-0.0013346555456519127,0.015063968666363508,0.003570824267342687,-0.0001996944844722748,0.009466481674462558,0.003019195038359612,-0.00015610158443450927,0.0044525378864317105,0.0,0.00020610737385376394,287.0440001487732
7,8000,-0.015654748384375125,0.009132285973057151,0.002646313360193744,-0.00027433347702026365,0.008238171366974712,0.002205812046304345,-0.0003785565495491028,0.0037917406755267422,0.0,9.549150281252654e-05,329.06177282333374
8,9000,-0.022069478013087063,0.005503601610427723,0.0020301692014327273,-0.00029603248834609983,0.005299068510066718,0.0016686405695509165,-0.00038619488477706907,0.0036060772251045635,0.0,2.4471741852423215e-05,372.45232701301575
9,10000,-0.024370721634011716,0.003962708028266207,0.001762889663456008,-0.00030096319317817686,0.004111576417926699,0.0016326235549058766,-0.00029115229845047,0.0033099702998131064,0.0,0.0,415.76697993278503
