epoch,step,train_loss,val_loss,lr,seconds
0,1000,3.8030916681289675,3.5742597579956055,0.000999013364214138,27.681946992874146
1,2000,3.488986658811569,3.4982714653015137,0.0009960573506572381,56.548758029937744
2,3000,3.471463244199753,3.457724690437317,0.0009911436253643446,84.30954504013062
3,4000,3.4450912735462187,3.4623653888702393,0.000984291580564314,112.13021302223206
4,5000,3.4303510262966155,3.4304685592651367,0.0009755282581475728,140.14264607429504
5,6000,3.4279414854049683,3.413405656814575,0.0009648882429441208,168.99416208267212
6,7000,3.420226185798645,3.4168245792388916,0.0009524135262330063,197.5834629535675
7,8000,3.413493617773056,3.4554744958877563,0.0009381533400219299,229.85057401657104
8,9000,3.4084488203525543,3.395131230354309,0.0009221639627510039,262.93594002723694
9,10000,3.406010022640228,3.4392762184143066,0.0009045084971874664,297.05374026298523
10,11000,3.4037722446918486,3.4683094024658203,0.0008852566213878861,337.13656210899353
11,12000,3.3916621603965758,3.3894933462142944,0.0008644843137106976,372.58827805519104
12,13000,3.3918883354663847,3.380849599838257,0.0008422735529643355,410.46270203590393
13,14000,3.3832485904693606,3.3845356702804565,0.0008187119948743365,450.25687623023987
14,15000,3.378851638317108,3.3783113956451416,0.000793892626146227,488.549437046051
15,16000,3.378797203540802,3.391583561897278,0.0007679133974894895,524.6703991889954
16,17000,3.3797822449207304,3.374756693840027,0.000740876837050847,560.8112668991089
17,18000,3.372372358560562,3.415340781211853,0.000712889645782527,594.85320520401
18,19000,3.3673997704982757,3.372291088104248,0.0006840622763423305,630.5571331977844
19,20000,3.3644337985515596,3.372317910194397,0.0006545084971874649,670.3006150722504
20,21000,3.366227795124054,3.3831584453582764,0.0006243449435824199,710.185742855072
21,22000,3.3624391918182375,3.367006301879883,0.000593690657292855,749.9982030391693
22,23000,3.3622199261188506,3.360510468482971,0.0005626666167821468,790.957034111023
23,24000,3.3614909977912903,3.389457106590271,0.0005313952597646517,834.4838960170746
24,25000,3.3530586743354798,3.347538948059082,0.0004999999999999959,876.2160131931305
25,26000,3.3550034160614013,3.3664958477020264,0.0004686047402353403,919.0122089385986
26,27000,3.348167170763016,3.359401822090149,0.0004373333832178449,961.9973831176758
27,28000,3.3411822144985197,3.3552353382110596,0.00040630934270713425,1005.8153839111328
28,29000,3.34450399184227,3.3588144779205322,0.00037565505641756823,1051.300570011139
29,30000,3.3422047369480135,3.350645065307617,0.00034549150281252227,1094.250813961029
30,31000,3.339204074859619,3.3435163497924805,0.00031593772365765796,1137.139906167984
31,32000,3.332745171070099,3.3459925651550293,0.00028711035421746133,1180.878389120102
32,33000,3.3352042648792266,3.343118190765381,0.00025912316294913925,1223.7125251293182
33,34000,3.3313113131523133,3.341928243637085,0.00023208660251049888,1265.2161779403687
34,35000,3.3287392411231993,3.3325414657592773,0.00020610737385376148,1306.831908941269
35,36000,3.3228749458789824,3.3324486017227173,0.00018128800512565344,1348.369040966034
36,37000,3.319314467430115,3.3250956535339355,0.00015772644703565406,1389.549847126007
37,38000,3.323286631345749,3.3271228075027466,0.00013551568628929295,1431.4116702079773
38,39000,3.3264319276809693,3.323285698890686,0.00011474337861210427,1472.9653420448303
39,40000,3.3114220426082612,3.3232773542404175,9.549150281252555e-05,1516.0005230903625
40,41000,3.31620819401741,3.323359966278076,7.783603724899213e-05,1557.2493641376495
41,42000,3.314504888534546,3.3182257413864136,6.184665997806795e-05,1599.0158212184906
42,43000,3.3147099754810334,3.317507743835449,4.7586473766990186e-05,1640.6081218719482
43,44000,3.310150289058685,3.3141160011291504,3.511175705587433e-05,1681.813519001007
44,45000,3.3063308503627775,3.31551730632782,2.4471741852423326e-05,1723.2962930202484
45,46000,3.3110740656852724,3.3126327991485596,1.570841943568451e-05,1765.1619970798492
46,47000,3.3071255347728727,3.311501979827881,8.85637463565568e-06,1807.1869070529938
47,48000,3.2986140689849854,3.3106409311294556,3.9426493427611334e-06,1848.8107430934906
48,49000,3.2970328266620634,3.3103837966918945,9.86635785864227e-07,1891.0173678398132
49,50000,3.3021943011283876,3.3103952407836914,0.0,1935.1177349090576
